"train/epoch","Qwen/Qwen3-32B-low-format - _step","Qwen/Qwen3-32B-low-format - _step__MIN","Qwen/Qwen3-32B-low-format - _step__MAX","Qwen/Qwen3-32B-low-format - train/completions/mean_terminated_length","Qwen/Qwen3-32B-low-format - train/completions/mean_terminated_length__MIN","Qwen/Qwen3-32B-low-format - train/completions/mean_terminated_length__MAX","Qwen/Qwen3-14B-low-format - _step","Qwen/Qwen3-14B-low-format - _step__MIN","Qwen/Qwen3-14B-low-format - _step__MAX","Qwen/Qwen3-14B-low-format - train/completions/mean_terminated_length","Qwen/Qwen3-14B-low-format - train/completions/mean_terminated_length__MIN","Qwen/Qwen3-14B-low-format - train/completions/mean_terminated_length__MAX","Qwen/Qwen3-0.6B-low-format - _step","Qwen/Qwen3-0.6B-low-format - _step__MIN","Qwen/Qwen3-0.6B-low-format - _step__MAX","Qwen/Qwen3-0.6B-low-format - train/completions/mean_terminated_length","Qwen/Qwen3-0.6B-low-format - train/completions/mean_terminated_length__MIN","Qwen/Qwen3-0.6B-low-format - train/completions/mean_terminated_length__MAX","Qwen/Qwen3-4B-low-format - _step","Qwen/Qwen3-4B-low-format - _step__MIN","Qwen/Qwen3-4B-low-format - _step__MAX","Qwen/Qwen3-4B-low-format - train/completions/mean_terminated_length","Qwen/Qwen3-4B-low-format - train/completions/mean_terminated_length__MIN","Qwen/Qwen3-4B-low-format - train/completions/mean_terminated_length__MAX","Qwen/Qwen3-32B - _step","Qwen/Qwen3-32B - _step__MIN","Qwen/Qwen3-32B - _step__MAX","Qwen/Qwen3-32B - train/completions/mean_terminated_length","Qwen/Qwen3-32B - train/completions/mean_terminated_length__MIN","Qwen/Qwen3-32B - train/completions/mean_terminated_length__MAX","Qwen/Qwen3-14B - _step","Qwen/Qwen3-14B - _step__MIN","Qwen/Qwen3-14B - _step__MAX","Qwen/Qwen3-14B - train/completions/mean_terminated_length","Qwen/Qwen3-14B - train/completions/mean_terminated_length__MIN","Qwen/Qwen3-14B - train/completions/mean_terminated_length__MAX","Qwen/Qwen3-4B - _step","Qwen/Qwen3-4B - _step__MIN","Qwen/Qwen3-4B - _step__MAX","Qwen/Qwen3-4B - train/completions/mean_terminated_length","Qwen/Qwen3-4B - train/completions/mean_terminated_length__MIN","Qwen/Qwen3-4B - train/completions/mean_terminated_length__MAX","Qwen/Qwen3-0.6B - _step","Qwen/Qwen3-0.6B - _step__MIN","Qwen/Qwen3-0.6B - _step__MAX","Qwen/Qwen3-0.6B - train/completions/mean_terminated_length","Qwen/Qwen3-0.6B - train/completions/mean_terminated_length__MIN","Qwen/Qwen3-0.6B - train/completions/mean_terminated_length__MAX"
"0.02","","","","","","","","","","","","","130","130","130","4279.8","4279.8","4279.8","130","130","130","7576.7","7576.7","7576.7","","","","","","","","","","","","","130","130","130","7608.650048828125","7608.650048828125","7608.650048828125","130","130","130","4185.225","4185.225","4185.225"
"0.04","","","","","","","130","130","130","7719.5431640625","7719.5431640625","7719.5431640625","261","261","261","4622.575","4622.575","4622.575","261","261","261","7118.90009765625","7118.90009765625","7118.90009765625","","","","","","","130","130","130","7002.285009765625","7002.285009765625","7002.285009765625","261","261","261","7347.325","7347.325","7347.325","261","261","261","4300.45","4300.45","4300.45"
"0.059880239520958084","130","130","130","6684.575","6684.575","6684.575","","","","","","","","","","","","","","","","","","","130","130","130","5939.79169921875","5939.79169921875","5939.79169921875","","","","","","","","","","","","","","","","","",""
"0.06","","","","","","","","","","","","","392","392","392","4557.1","4557.1","4557.1","392","392","392","6731.80009765625","6731.80009765625","6731.80009765625","","","","","","","","","","","","","392","392","392","7304.14169921875","7304.14169921875","7304.14169921875","392","392","392","4501.325","4501.325","4501.325"
"0.08","","","","","","","261","261","261","7057.740185546875","7057.740185546875","7057.740185546875","523","523","523","4189.65","4189.65","4189.65","523","523","523","5628.525","5628.525","5628.525","","","","","","","261","261","261","6791.3423828125","6791.3423828125","6791.3423828125","523","523","523","6937.575","6937.575","6937.575","523","523","523","4225.25","4225.25","4225.25"
"0.1","","","","","","","","","","","","","654","654","654","3978.55","3978.55","3978.55","654","654","654","6844.500048828125","6844.500048828125","6844.500048828125","","","","","","","","","","","","","654","654","654","5796.925048828125","5796.925048828125","5796.925048828125","654","654","654","4276.225","4276.225","4276.225"
"0.11976047904191617","261","261","261","7654.133349609375","7654.133349609375","7654.133349609375","","","","","","","","","","","","","","","","","","","261","261","261","8782.9333984375","8782.9333984375","8782.9333984375","","","","","","","","","","","","","","","","","",""
"0.12","","","","","","","392","392","392","6395.95419921875","6395.95419921875","6395.95419921875","785","785","785","4050.85","4050.85","4050.85","785","785","785","5663.858349609375","5663.858349609375","5663.858349609375","","","","","","","392","392","392","7744.935986328125","7744.935986328125","7744.935986328125","785","785","785","6626.633349609375","6626.633349609375","6626.633349609375","785","785","785","3942.95","3942.95","3942.95"
"0.14","","","","","","","","","","","","","916","916","916","3781.45","3781.45","3781.45","916","916","916","6713.766796875","6713.766796875","6713.766796875","","","","","","","","","","","","","916","916","916","6541.558349609375","6541.558349609375","6541.558349609375","916","916","916","4363.125","4363.125","4363.125"
"0.16","","","","","","","523","523","523","7145.6904296875","7145.6904296875","7145.6904296875","1047","1047","1047","4023.25","4023.25","4023.25","1047","1047","1047","7114.383349609375","7114.383349609375","7114.383349609375","","","","","","","523","523","523","7161.69326171875","7161.69326171875","7161.69326171875","1047","1047","1047","6132.7583984375","6132.7583984375","6132.7583984375","1047","1047","1047","4484.4","4484.4","4484.4"
"0.17964071856287425","392","392","392","8265.081689453125","8265.081689453125","8265.081689453125","","","","","","","","","","","","","","","","","","","392","392","392","5814.823388671875","5814.823388671875","5814.823388671875","","","","","","","","","","","","","","","","","",""
"0.18","","","","","","","","","","","","","1178","1178","1178","4090.35","4090.35","4090.35","1178","1178","1178","6091.683349609375","6091.683349609375","6091.683349609375","","","","","","","","","","","","","1178","1178","1178","6597.5","6597.5","6597.5","1178","1178","1178","3897.375","3897.375","3897.375"
"0.2","","","","","","","654","654","654","6954.751806640625","6954.751806640625","6954.751806640625","1309","1309","1309","3807.875","3807.875","3807.875","1309","1309","1309","7057.69169921875","7057.69169921875","7057.69169921875","","","","","","","654","654","654","7583.1392578125","7583.1392578125","7583.1392578125","1309","1309","1309","6422.6833984375","6422.6833984375","6422.6833984375","1309","1309","1309","3562.575","3562.575","3562.575"
"0.22","","","","","","","","","","","","","1440","1440","1440","3999.55","3999.55","3999.55","1440","1440","1440","6633.950048828125","6633.950048828125","6633.950048828125","","","","","","","","","","","","","1440","1440","1440","5963.9","5963.9","5963.9","1440","1440","1440","3997.175","3997.175","3997.175"
"0.23952095808383234","523","523","523","6216.128369140625","6216.128369140625","6216.128369140625","","","","","","","","","","","","","","","","","","","523","523","523","5872.8","5872.8","5872.8","","","","","","","","","","","","","","","","","",""
"0.24","","","","","","","785","785","785","7249.74208984375","7249.74208984375","7249.74208984375","1571","1571","1571","4413.725","4413.725","4413.725","1571","1571","1571","6095.36669921875","6095.36669921875","6095.36669921875","","","","","","","785","785","785","7100.2591796875","7100.2591796875","7100.2591796875","1571","1571","1571","5372.508349609375","5372.508349609375","5372.508349609375","1571","1571","1571","3866.3","3866.3","3866.3"
"0.26","","","","","","","","","","","","","1702","1702","1702","3783.075","3783.075","3783.075","1702","1702","1702","5716.483349609375","5716.483349609375","5716.483349609375","","","","","","","","","","","","","1702","1702","1702","5459.65","5459.65","5459.65","1702","1702","1702","3558.075","3558.075","3558.075"
"0.28","","","","","","","916","916","916","7019.263110351562","7019.263110351562","7019.263110351562","1833","1833","1833","3956.875","3956.875","3956.875","1833","1833","1833","6440.825","6440.825","6440.825","","","","","","","916","916","916","7330.067431640625","7330.067431640625","7330.067431640625","1833","1833","1833","6024.69169921875","6024.69169921875","6024.69169921875","1833","1833","1833","3616.2","3616.2","3616.2"
"0.2994011976047904","654","654","654","8940.06015625","8940.06015625","8940.06015625","","","","","","","","","","","","","","","","","","","654","654","654","4437.0583984375","4437.0583984375","4437.0583984375","","","","","","","","","","","","","","","","","",""
"0.3","","","","","","","","","","","","","1964","1964","1964","3319.05","3319.05","3319.05","1964","1964","1964","6729.44169921875","6729.44169921875","6729.44169921875","","","","","","","","","","","","","1964","1964","1964","4974.383349609375","4974.383349609375","4974.383349609375","1964","1964","1964","3291.675","3291.675","3291.675"
"0.32","","","","","","","1047","1047","1047","6982.03837890625","6982.03837890625","6982.03837890625","2095","2095","2095","3509.525","3509.525","3509.525","2095","2095","2095","6223.233349609375","6223.233349609375","6223.233349609375","","","","","","","1047","1047","1047","6787.727490234375","6787.727490234375","6787.727490234375","2095","2095","2095","5776.19169921875","5776.19169921875","5776.19169921875","2095","2095","2095","3373.1","3373.1","3373.1"
"0.34","","","","","","","","","","","","","2226","2226","2226","3057.2","3057.2","3057.2","2226","2226","2226","6148.475","6148.475","6148.475","","","","","","","","","","","","","2226","2226","2226","5215.65","5215.65","5215.65","2226","2226","2226","2916.525","2916.525","2916.525"
"0.3592814371257485","785","785","785","6217.244140625","6217.244140625","6217.244140625","","","","","","","","","","","","","","","","","","","785","785","785","5624.755029296875","5624.755029296875","5624.755029296875","","","","","","","","","","","","","","","","","",""
"0.36","","","","","","","1178","1178","1178","6888.635986328125","6888.635986328125","6888.635986328125","2357","2357","2357","2834.1","2834.1","2834.1","2357","2357","2357","7194.891748046875","7194.891748046875","7194.891748046875","","","","","","","1178","1178","1178","7088.552783203125","7088.552783203125","7088.552783203125","2357","2357","2357","4546.283349609375","4546.283349609375","4546.283349609375","2357","2357","2357","3233.7","3233.7","3233.7"
"0.38","","","","","","","","","","","","","2488","2488","2488","2856","2856","2856","2488","2488","2488","4720.59169921875","4720.59169921875","4720.59169921875","","","","","","","","","","","","","2488","2488","2488","4952.9","4952.9","4952.9","2488","2488","2488","3605.375","3605.375","3605.375"
"0.4","","","","","","","1309","1309","1309","6630.278369140625","6630.278369140625","6630.278369140625","2619","2619","2619","3077.575","3077.575","3077.575","2619","2619","2619","5269.425","5269.425","5269.425","","","","","","","1309","1309","1309","6183.869775390625","6183.869775390625","6183.869775390625","2619","2619","2619","4829.925048828125","4829.925048828125","4829.925048828125","2619","2619","2619","3116.625","3116.625","3116.625"
"0.41916167664670656","916","916","916","7075.923388671875","7075.923388671875","7075.923388671875","","","","","","","","","","","","","","","","","","","916","916","916","6470.3583984375","6470.3583984375","6470.3583984375","","","","","","","","","","","","","","","","","",""
"0.42","","","","","","","","","","","","","2750","2750","2750","2918.675","2918.675","2918.675","2750","2750","2750","5139.59169921875","5139.59169921875","5139.59169921875","","","","","","","","","","","","","2750","2750","2750","4588.783349609375","4588.783349609375","4588.783349609375","2750","2750","2750","2796.15","2796.15","2796.15"
"0.44","","","","","","","1440","1440","1440","7152.827978515625","7152.827978515625","7152.827978515625","2881","2881","2881","3079","3079","3079","2881","2881","2881","5172.475","5172.475","5172.475","","","","","","","1440","1440","1440","5991.700146484375","5991.700146484375","5991.700146484375","2881","2881","2881","4385.01669921875","4385.01669921875","4385.01669921875","2881","2881","2881","2818.125","2818.125","2818.125"
"0.46","","","","","","","","","","","","","3012","3012","3012","3066.125","3066.125","3066.125","3012","3012","3012","4166.31669921875","4166.31669921875","4166.31669921875","","","","","","","","","","","","","3012","3012","3012","5269.54169921875","5269.54169921875","5269.54169921875","3012","3012","3012","2821.65","2821.65","2821.65"
"0.47904191616766467","1047","1047","1047","7989.3595703125","7989.3595703125","7989.3595703125","","","","","","","","","","","","","","","","","","","1047","1047","1047","7087.82001953125","7087.82001953125","7087.82001953125","","","","","","","","","","","","","","","","","",""
"0.48","","","","","","","1571","1571","1571","7391.85673828125","7391.85673828125","7391.85673828125","3143","3143","3143","3230.6","3230.6","3230.6","3143","3143","3143","4319.44169921875","4319.44169921875","4319.44169921875","","","","","","","1571","1571","1571","6325.79970703125","6325.79970703125","6325.79970703125","3143","3143","3143","5067.666674804687","5067.666674804687","5067.666674804687","3143","3143","3143","2338.05","2338.05","2338.05"
"0.5","","","","","","","","","","","","","3274","3274","3274","3697.025","3697.025","3697.025","3274","3274","3274","4212.225","4212.225","4212.225","","","","","","","","","","","","","3274","3274","3274","5043.21669921875","5043.21669921875","5043.21669921875","3274","3274","3274","2204.825","2204.825","2204.825"
"0.52","","","","","","","1702","1702","1702","6215.656298828125","6215.656298828125","6215.656298828125","3405","3405","3405","3819.275","3819.275","3819.275","3405","3405","3405","4620.025","4620.025","4620.025","","","","","","","1702","1702","1702","5482.519311523438","5482.519311523438","5482.519311523438","3405","3405","3405","5186.750048828125","5186.750048828125","5186.750048828125","3405","3405","3405","2505.625","2505.625","2505.625"
"0.5389221556886228","1178","1178","1178","6997.131689453125","6997.131689453125","6997.131689453125","","","","","","","","","","","","","","","","","","","1178","1178","1178","7374.033349609375","7374.033349609375","7374.033349609375","","","","","","","","","","","","","","","","","",""
"0.54","","","","","","","","","","","","","3536","3536","3536","3902.325","3902.325","3902.325","3536","3536","3536","5521.71669921875","5521.71669921875","5521.71669921875","","","","","","","","","","","","","3536","3536","3536","5958.475","5958.475","5958.475","3536","3536","3536","2219.175","2219.175","2219.175"
"0.56","","","","","","","1833","1833","1833","6821.23017578125","6821.23017578125","6821.23017578125","3667","3667","3667","3962.325","3962.325","3962.325","3667","3667","3667","6051.06669921875","6051.06669921875","6051.06669921875","","","","","","","1833","1833","1833","6297.42431640625","6297.42431640625","6297.42431640625","3667","3667","3667","5548.058349609375","5548.058349609375","5548.058349609375","3667","3667","3667","2429.85","2429.85","2429.85"
"0.58","","","","","","","","","","","","","3798","3798","3798","3794.975","3794.975","3794.975","3798","3798","3798","5242.325","5242.325","5242.325","","","","","","","","","","","","","3798","3798","3798","3941.475","3941.475","3941.475","3798","3798","3798","2291.3","2291.3","2291.3"
"0.5988023952095808","1309","1309","1309","6899.261474609375","6899.261474609375","6899.261474609375","","","","","","","","","","","","","","","","","","","1309","1309","1309","8542.31669921875","8542.31669921875","8542.31669921875","","","","","","","","","","","","","","","","","",""
"0.6","","","","","","","1964","1964","1964","6914.4853515625","6914.4853515625","6914.4853515625","3929","3929","3929","3775.225","3775.225","3775.225","3929","3929","3929","5614.4","5614.4","5614.4","","","","","","","1964","1964","1964","6054.646923828125","6054.646923828125","6054.646923828125","3929","3929","3929","4313.75","4313.75","4313.75","3929","3929","3929","1811.85","1811.85","1811.85"
"0.62","","","","","","","","","","","","","4060","4060","4060","3803.7","3803.7","3803.7","4060","4060","4060","5585.325","5585.325","5585.325","","","","","","","","","","","","","4060","4060","4060","4573.775","4573.775","4573.775","4060","4060","4060","1651.925","1651.925","1651.925"
"0.64","","","","","","","2095","2095","2095","7042.13837890625","7042.13837890625","7042.13837890625","4191","4191","4191","3924.925","3924.925","3924.925","4191","4191","4191","4963.075","4963.075","4963.075","","","","","","","2095","2095","2095","6354.967626953125","6354.967626953125","6354.967626953125","4191","4191","4191","3771.583349609375","3771.583349609375","3771.583349609375","4191","4191","4191","1599.05","1599.05","1599.05"
"0.6586826347305389","1440","1440","1440","7896.44169921875","7896.44169921875","7896.44169921875","","","","","","","","","","","","","","","","","","","1440","1440","1440","7483.855029296875","7483.855029296875","7483.855029296875","","","","","","","","","","","","","","","","","",""
"0.66","","","","","","","","","","","","","4322","4322","4322","4344.3","4344.3","4344.3","4322","4322","4322","4797.6","4797.6","4797.6","","","","","","","","","","","","","4322","4322","4322","3810.1","3810.1","3810.1","4322","4322","4322","1656.95","1656.95","1656.95"
"0.68","","","","","","","2226","2226","2226","6265.982568359375","6265.982568359375","6265.982568359375","4453","4453","4453","4924.325","4924.325","4924.325","4453","4453","4453","4958.525","4958.525","4958.525","","","","","","","2226","2226","2226","5572.6947265625","5572.6947265625","5572.6947265625","4453","4453","4453","2791.425","2791.425","2791.425","4453","4453","4453","1753.3","1753.3","1753.3"
"0.7","","","","","","","","","","","","","4584","4584","4584","5093.75","5093.75","5093.75","4584","4584","4584","4891.3","4891.3","4891.3","","","","","","","","","","","","","4584","4584","4584","2934.625","2934.625","2934.625","4584","4584","4584","2283.858349609375","2283.858349609375","2283.858349609375"
"0.718562874251497","1571","1571","1571","7145.690869140625","7145.690869140625","7145.690869140625","","","","","","","","","","","","","","","","","","","1571","1571","1571","6499.092236328125","6499.092236328125","6499.092236328125","","","","","","","","","","","","","","","","","",""
"0.72","","","","","","","2357","2357","2357","6622.7208984375","6622.7208984375","6622.7208984375","4715","4715","4715","5275.175","5275.175","5275.175","4715","4715","4715","4927.275","4927.275","4927.275","","","","","","","2357","2357","2357","5400.33759765625","5400.33759765625","5400.33759765625","4715","4715","4715","2715.075","2715.075","2715.075","4715","4715","4715","2330.2666748046877","2330.2666748046877","2330.2666748046877"
"0.74","","","","","","","","","","","","","4846","4846","4846","4775.975","4775.975","4775.975","4846","4846","4846","4456.65","4456.65","4456.65","","","","","","","","","","","","","4846","4846","4846","2511.65","2511.65","2511.65","4846","4846","4846","2584.05","2584.05","2584.05"
"0.76","","","","","","","2488","2488","2488","6768.99921875","6768.99921875","6768.99921875","4977","4977","4977","3905.175","3905.175","3905.175","4977","4977","4977","4935.125","4935.125","4935.125","","","","","","","2488","2488","2488","5461.967333984375","5461.967333984375","5461.967333984375","4977","4977","4977","2459.275","2459.275","2459.275","4977","4977","4977","2232.125","2232.125","2232.125"
"0.7784431137724551","1702","1702","1702","7575.884912109375","7575.884912109375","7575.884912109375","","","","","","","","","","","","","","","","","","","1702","1702","1702","8303.779296875","8303.779296875","8303.779296875","","","","","","","","","","","","","","","","","",""
"0.78","","","","","","","","","","","","","5108","5108","5108","3771.3","3771.3","3771.3","5108","5108","5108","5512.975","5512.975","5512.975","","","","","","","","","","","","","5108","5108","5108","2939.225","2939.225","2939.225","5108","5108","5108","2402.525","2402.525","2402.525"
"0.8","","","","","","","2619","2619","2619","6514.2083984375","6514.2083984375","6514.2083984375","5239","5239","5239","3568.5","3568.5","3568.5","5239","5239","5239","5880.300048828125","5880.300048828125","5880.300048828125","","","","","","","2619","2619","2619","4931.794677734375","4931.794677734375","4931.794677734375","5239","5239","5239","2524.875","2524.875","2524.875","5239","5239","5239","2037.75","2037.75","2037.75"
"0.82","","","","","","","","","","","","","5370","5370","5370","3563.35","3563.35","3563.35","5370","5370","5370","5603.2","5603.2","5603.2","","","","","","","","","","","","","5370","5370","5370","2621.6","2621.6","2621.6","5370","5370","5370","1583.075","1583.075","1583.075"
"0.8383233532934131","1833","1833","1833","7784.23759765625","7784.23759765625","7784.23759765625","","","","","","","","","","","","","","","","","","","1833","1833","1833","7804.36728515625","7804.36728515625","7804.36728515625","","","","","","","","","","","","","","","","","",""
"0.84","","","","","","","2750","2750","2750","6000.98427734375","6000.98427734375","6000.98427734375","5501","5501","5501","3438.4","3438.4","3438.4","5501","5501","5501","5580.233349609375","5580.233349609375","5580.233349609375","","","","","","","2750","2750","2750","4768.8625","4768.8625","4768.8625","5501","5501","5501","2401.3","2401.3","2401.3","5501","5501","5501","1487.475","1487.475","1487.475"
"0.86","","","","","","","","","","","","","5632","5632","5632","3852.875","3852.875","3852.875","5632","5632","5632","6242.825","6242.825","6242.825","","","","","","","","","","","","","5632","5632","5632","3153.8","3153.8","3153.8","5632","5632","5632","1533.525","1533.525","1533.525"
"0.88","","","","","","","2881","2881","2881","6550.25751953125","6550.25751953125","6550.25751953125","5763","5763","5763","4061.35","4061.35","4061.35","5763","5763","5763","6646.6","6646.6","6646.6","","","","","","","2881","2881","2881","4345.49111328125","4345.49111328125","4345.49111328125","5763","5763","5763","2944.6","2944.6","2944.6","5763","5763","5763","1096.775","1096.775","1096.775"
"0.8982035928143712","1964","1964","1964","7604.210400390625","7604.210400390625","7604.210400390625","","","","","","","","","","","","","","","","","","","1964","1964","1964","7514.7236328125","7514.7236328125","7514.7236328125","","","","","","","","","","","","","","","","","",""
"0.9","","","","","","","","","","","","","5894","5894","5894","3790.15","3790.15","3790.15","5894","5894","5894","6268.9833984375","6268.9833984375","6268.9833984375","","","","","","","","","","","","","5894","5894","5894","3916","3916","3916","5894","5894","5894","1232.875","1232.875","1232.875"
"0.92","","","","","","","3012","3012","3012","6608.071728515625","6608.071728515625","6608.071728515625","6025","6025","6025","3821.975","3821.975","3821.975","6025","6025","6025","6222.800048828125","6222.800048828125","6222.800048828125","","","","","","","3012","3012","3012","5128.192919921875","5128.192919921875","5128.192919921875","6025","6025","6025","3368.475","3368.475","3368.475","6025","6025","6025","1441.825","1441.825","1441.825"
"0.94","","","","","","","","","","","","","6156","6156","6156","3641.625","3641.625","3641.625","6156","6156","6156","6721.733349609375","6721.733349609375","6721.733349609375","","","","","","","","","","","","","6156","6156","6156","2827.85","2827.85","2827.85","6156","6156","6156","1290.4","1290.4","1290.4"
"0.9580838323353293","2095","2095","2095","7882.9609375","7882.9609375","7882.9609375","","","","","","","","","","","","","","","","","","","2095","2095","2095","7687.26064453125","7687.26064453125","7687.26064453125","","","","","","","","","","","","","","","","","",""
"0.96","","","","","","","3143","3143","3143","6170.499560546875","6170.499560546875","6170.499560546875","6287","6287","6287","4041.225","4041.225","4041.225","6287","6287","6287","6981.475","6981.475","6981.475","","","","","","","3143","3143","3143","5206.730419921875","5206.730419921875","5206.730419921875","6287","6287","6287","2792.375","2792.375","2792.375","6287","6287","6287","1504.875","1504.875","1504.875"
"0.98","","","","","","","","","","","","","6418","6418","6418","4101.525","4101.525","4101.525","6418","6418","6418","6442.350048828125","6442.350048828125","6442.350048828125","","","","","","","","","","","","","6418","6418","6418","2303.075","2303.075","2303.075","6418","6418","6418","1678.225","1678.225","1678.225"
"1","","","","","","","3274","3274","3274","6265.466162109375","6265.466162109375","6265.466162109375","6549","6549","6549","3856.45","3856.45","3856.45","6549","6549","6549","6837.55","6837.55","6837.55","","","","","","","3274","3274","3274","4089.094677734375","4089.094677734375","4089.094677734375","6549","6549","6549","2832.65","2832.65","2832.65","6549","6549","6549","1793.3","1793.3","1793.3"
"1.02","","","","","","","","","","","","","6680","6680","6680","3564.325","3564.325","3564.325","6680","6680","6680","6015.358349609375","6015.358349609375","6015.358349609375","","","","","","","","","","","","","6680","6680","6680","2220.475","2220.475","2220.475","6680","6680","6680","2074.475","2074.475","2074.475"
"1.0239520958083832","2226","2226","2226","8042.919189453125","8042.919189453125","8042.919189453125","","","","","","","","","","","","","","","","","","","2226","2226","2226","7814.12099609375","7814.12099609375","7814.12099609375","","","","","","","","","","","","","","","","","",""
"1.04","","","","","","","3405","3405","3405","6463.9013671875","6463.9013671875","6463.9013671875","6811","6811","6811","3648.1166748046876","3648.1166748046876","3648.1166748046876","6811","6811","6811","6269.81669921875","6269.81669921875","6269.81669921875","","","","","","","3405","3405","3405","4387.44111328125","4387.44111328125","4387.44111328125","6811","6811","6811","2945.975","2945.975","2945.975","6811","6811","6811","1878.1666748046875","1878.1666748046875","1878.1666748046875"
"1.06","","","","","","","","","","","","","6942","6942","6942","3103.25","3103.25","3103.25","6942","6942","6942","6052.075","6052.075","6052.075","","","","","","","","","","","","","6942","6942","6942","2038.8","2038.8","2038.8","6942","6942","6942","1703.325","1703.325","1703.325"
"1.08","","","","","","","3536","3536","3536","5837.602880859375","5837.602880859375","5837.602880859375","7073","7073","7073","3084.175","3084.175","3084.175","7073","7073","7073","5677.908349609375","5677.908349609375","5677.908349609375","","","","","","","3536","3536","3536","4039.658935546875","4039.658935546875","4039.658935546875","7073","7073","7073","2431.433349609375","2431.433349609375","2431.433349609375","7073","7073","7073","1938.05","1938.05","1938.05"
"1.0838323353293413","2357","2357","2357","7205.00478515625","7205.00478515625","7205.00478515625","","","","","","","","","","","","","","","","","","","2357","2357","2357","6551.871826171875","6551.871826171875","6551.871826171875","","","","","","","","","","","","","","","","","",""
"1.1","","","","","","","","","","","","","7204","7204","7204","3232.8","3232.8","3232.8","7204","7204","7204","6255.34169921875","6255.34169921875","6255.34169921875","","","","","","","","","","","","","7204","7204","7204","2523.75","2523.75","2523.75","7204","7204","7204","2032.425","2032.425","2032.425"
"1.12","","","","","","","3667","3667","3667","5524.389990234375","5524.389990234375","5524.389990234375","7335","7335","7335","3349.5166748046877","3349.5166748046877","3349.5166748046877","7335","7335","7335","5929.75","5929.75","5929.75","","","","","","","3667","3667","3667","4031.475","4031.475","4031.475","7335","7335","7335","2390.525","2390.525","2390.525","7335","7335","7335","1879.8","1879.8","1879.8"
"1.1400000000000001","","","","","","","","","","","","","7466","7466","7466","3384.725","3384.725","3384.725","7466","7466","7466","6511.24169921875","6511.24169921875","6511.24169921875","","","","","","","","","","","","","7466","7466","7466","3115.3","3115.3","3115.3","7466","7466","7466","1848.775","1848.775","1848.775"
"1.1437125748502994","2488","2488","2488","7123.289453125","7123.289453125","7123.289453125","","","","","","","","","","","","","","","","","","","2488","2488","2488","6519.326708984375","6519.326708984375","6519.326708984375","","","","","","","","","","","","","","","","","",""
"1.16","","","","","","","3798","3798","3798","6722.266259765625","6722.266259765625","6722.266259765625","7597","7597","7597","3486.3","3486.3","3486.3","7597","7597","7597","6383.44169921875","6383.44169921875","6383.44169921875","","","","","","","3798","3798","3798","4864.194677734375","4864.194677734375","4864.194677734375","7597","7597","7597","2631.4","2631.4","2631.4","7597","7597","7597","1809.525","1809.525","1809.525"
"1.18","","","","","","","","","","","","","7728","7728","7728","3373.7","3373.7","3373.7","7728","7728","7728","6129.42509765625","6129.42509765625","6129.42509765625","","","","","","","","","","","","","7728","7728","7728","2611.425","2611.425","2611.425","7728","7728","7728","1967.7","1967.7","1967.7"
"1.2","","","","","","","3929","3929","3929","6925.547607421875","6925.547607421875","6925.547607421875","7859","7859","7859","3062.125","3062.125","3062.125","7859","7859","7859","7067.2333984375","7067.2333984375","7067.2333984375","","","","","","","3929","3929","3929","4674.708935546875","4674.708935546875","4674.708935546875","7859","7859","7859","2818.6","2818.6","2818.6","7859","7859","7859","1642.675","1642.675","1642.675"
"1.2035928143712575","2619","2619","2619","7712.490966796875","7712.490966796875","7712.490966796875","","","","","","","","","","","","","","","","","","","2619","2619","2619","7020.250146484375","7020.250146484375","7020.250146484375","","","","","","","","","","","","","","","","","",""
"1.22","","","","","","","","","","","","","7990","7990","7990","3374.075","3374.075","3374.075","7990","7990","7990","6391.70009765625","6391.70009765625","6391.70009765625","","","","","","","","","","","","","7990","7990","7990","2628.925","2628.925","2628.925","7990","7990","7990","2357.3","2357.3","2357.3"
"1.24","","","","","","","4060","4060","4060","6129.60791015625","6129.60791015625","6129.60791015625","8121","8121","8121","3207.325","3207.325","3207.325","8121","8121","8121","6725.750048828125","6725.750048828125","6725.750048828125","","","","","","","4060","4060","4060","4546.45537109375","4546.45537109375","4546.45537109375","8121","8121","8121","2993","2993","2993","8121","8121","8121","2133.9","2133.9","2133.9"
"1.26","","","","","","","","","","","","","8252","8252","8252","3109.5","3109.5","3109.5","8252","8252","8252","6424.766748046875","6424.766748046875","6424.766748046875","","","","","","","","","","","","","8252","8252","8252","2545.9","2545.9","2545.9","8252","8252","8252","2629.35","2629.35","2629.35"
"1.2634730538922156","2750","2750","2750","7522.667626953125","7522.667626953125","7522.667626953125","","","","","","","","","","","","","","","","","","","2750","2750","2750","7268.622119140625","7268.622119140625","7268.622119140625","","","","","","","","","","","","","","","","","",""
"1.28","","","","","","","4191","4191","4191","6020.77939453125","6020.77939453125","6020.77939453125","8383","8383","8383","3026.8","3026.8","3026.8","8383","8383","8383","6255.7083984375","6255.7083984375","6255.7083984375","","","","","","","4191","4191","4191","4425.6375","4425.6375","4425.6375","8383","8383","8383","2155.875","2155.875","2155.875","8383","8383","8383","2327.6","2327.6","2327.6"
"1.3","","","","","","","","","","","","","8514","8514","8514","2884.075","2884.075","2884.075","8514","8514","8514","6402.66669921875","6402.66669921875","6402.66669921875","","","","","","","","","","","","","8514","8514","8514","2340.425","2340.425","2340.425","8514","8514","8514","2478.025","2478.025","2478.025"
"1.32","","","","","","","4322","4322","4322","5688.499365234375","5688.499365234375","5688.499365234375","8645","8645","8645","3460.05","3460.05","3460.05","8645","8645","8645","6882.36669921875","6882.36669921875","6882.36669921875","","","","","","","4322","4322","4322","4516.1125","4516.1125","4516.1125","8645","8645","8645","2639.9","2639.9","2639.9","8645","8645","8645","2501.325","2501.325","2501.325"
"1.3233532934131738","2881","2881","2881","7434.769970703125","7434.769970703125","7434.769970703125","","","","","","","","","","","","","","","","","","","2881","2881","2881","6364.514306640625","6364.514306640625","6364.514306640625","","","","","","","","","","","","","","","","","",""
"1.34","","","","","","","","","","","","","8776","8776","8776","3863.275","3863.275","3863.275","8776","8776","8776","6917.2083984375","6917.2083984375","6917.2083984375","","","","","","","","","","","","","8776","8776","8776","2424.625","2424.625","2424.625","8776","8776","8776","3125.625","3125.625","3125.625"
"1.3599999999999999","","","","","","","4453","4453","4453","5848.709375","5848.709375","5848.709375","8907","8907","8907","3695.9","3695.9","3695.9","8907","8907","8907","7091.508349609375","7091.508349609375","7091.508349609375","","","","","","","4453","4453","4453","4393.258935546875","4393.258935546875","4393.258935546875","8907","8907","8907","2488.975","2488.975","2488.975","8907","8907","8907","2323.45","2323.45","2323.45"
"1.38","","","","","","","","","","","","","9038","9038","9038","3547.1","3547.1","3547.1","9038","9038","9038","6640.46669921875","6640.46669921875","6640.46669921875","","","","","","","","","","","","","9038","9038","9038","2215.45","2215.45","2215.45","9038","9038","9038","2417.525","2417.525","2417.525"
"1.3832335329341316","3012","3012","3012","6767.173974609375","6767.173974609375","6767.173974609375","","","","","","","","","","","","","","","","","","","3012","3012","3012","6632.891015625","6632.891015625","6632.891015625","","","","","","","","","","","","","","","","","",""
"1.4","","","","","","","4584","4584","4584","5600.53408203125","5600.53408203125","5600.53408203125","9169","9169","9169","3845.65","3845.65","3845.65","9169","9169","9169","6219.91669921875","6219.91669921875","6219.91669921875","","","","","","","4584","4584","4584","3801.194677734375","3801.194677734375","3801.194677734375","9169","9169","9169","2438.15","2438.15","2438.15","9169","9169","9169","2563.3","2563.3","2563.3"
"1.42","","","","","","","","","","","","","9300","9300","9300","4217.59169921875","4217.59169921875","4217.59169921875","9300","9300","9300","6285.766748046875","6285.766748046875","6285.766748046875","","","","","","","","","","","","","9300","9300","9300","2674.1","2674.1","2674.1","9300","9300","9300","2880.675","2880.675","2880.675"
"1.44","","","","","","","4715","4715","4715","5373.41416015625","5373.41416015625","5373.41416015625","9431","9431","9431","4144.825","4144.825","4144.825","9431","9431","9431","6685.35","6685.35","6685.35","","","","","","","4715","4715","4715","3773.775","3773.775","3773.775","9431","9431","9431","2460.5","2460.5","2460.5","9431","9431","9431","2634.2","2634.2","2634.2"
"1.4431137724550898","3143","3143","3143","6846.976318359375","6846.976318359375","6846.976318359375","","","","","","","","","","","","","","","","","","","3143","3143","3143","6582.0462890625","6582.0462890625","6582.0462890625","","","","","","","","","","","","","","","","","",""
"1.46","","","","","","","","","","","","","9562","9562","9562","3937.7","3937.7","3937.7","9562","9562","9562","6922.625","6922.625","6922.625","","","","","","","","","","","","","9562","9562","9562","2557.1","2557.1","2557.1","9562","9562","9562","2617.325","2617.325","2617.325"
"1.48","","","","","","","4846","4846","4846","4944.4578125","4944.4578125","4944.4578125","9693","9693","9693","4202.275","4202.275","4202.275","9693","9693","9693","6391.5583984375","6391.5583984375","6391.5583984375","","","","","","","4846","4846","4846","3491","3491","3491","9693","9693","9693","1857.675","1857.675","1857.675","9693","9693","9693","2439.175","2439.175","2439.175"
"1.5","","","","","","","","","","","","","9824","9824","9824","4336","4336","4336","9824","9824","9824","5277.050048828125","5277.050048828125","5277.050048828125","","","","","","","","","","","","","9824","9824","9824","1997.275","1997.275","1997.275","9824","9824","9824","2432.45","2432.45","2432.45"
"1.5029940119760479","3274","3274","3274","7008.289892578125","7008.289892578125","7008.289892578125","","","","","","","","","","","","","","","","","","","3274","3274","3274","6538.73662109375","6538.73662109375","6538.73662109375","","","","","","","","","","","","","","","","","",""
"1.52","","","","","","","4977","4977","4977","4635.69501953125","4635.69501953125","4635.69501953125","9955","9955","9955","4735.35","4735.35","4735.35","9955","9955","9955","6190.633349609375","6190.633349609375","6190.633349609375","","","","","","","4977","4977","4977","3192.2875","3192.2875","3192.2875","9955","9955","9955","2522.675","2522.675","2522.675","9955","9955","9955","2973.725","2973.725","2973.725"
"1.54","","","","","","","","","","","","","10086","10086","10086","4168.05","4168.05","4168.05","10086","10086","10086","6981.741796875","6981.741796875","6981.741796875","","","","","","","","","","","","","10086","10086","10086","2490.15","2490.15","2490.15","10086","10086","10086","2517.925","2517.925","2517.925"
"1.56","","","","","","","5108","5108","5108","5783.288037109375","5783.288037109375","5783.288037109375","10217","10217","10217","2957.825","2957.825","2957.825","10217","10217","10217","6151.150048828125","6151.150048828125","6151.150048828125","","","","","","","5108","5108","5108","3998.65","3998.65","3998.65","10217","10217","10217","2400.125","2400.125","2400.125","10217","10217","10217","2451.125","2451.125","2451.125"
"1.562874251497006","3405","3405","3405","6702.0412109375","6702.0412109375","6702.0412109375","","","","","","","","","","","","","","","","","","","3405","3405","3405","6942.10458984375","6942.10458984375","6942.10458984375","","","","","","","","","","","","","","","","","",""
"1.58","","","","","","","","","","","","","10348","10348","10348","3797.025","3797.025","3797.025","10348","10348","10348","6955.558349609375","6955.558349609375","6955.558349609375","","","","","","","","","","","","","10348","10348","10348","2756.625","2756.625","2756.625","10348","10348","10348","2701.625","2701.625","2701.625"
"1.6","","","","","","","5239","5239","5239","5629.696337890625","5629.696337890625","5629.696337890625","10479","10479","10479","3456.475","3456.475","3456.475","10479","10479","10479","6968.933349609375","6968.933349609375","6968.933349609375","","","","","","","5239","5239","5239","4152.0375","4152.0375","4152.0375","10479","10479","10479","2620.175","2620.175","2620.175","10479","10479","10479","3057.7","3057.7","3057.7"
"1.62","","","","","","","","","","","","","10610","10610","10610","3606.725","3606.725","3606.725","10610","10610","10610","6603.35","6603.35","6603.35","","","","","","","","","","","","","10610","10610","10610","2494.05","2494.05","2494.05","10610","10610","10610","3150.8","3150.8","3150.8"
"1.622754491017964","3536","3536","3536","6593.34091796875","6593.34091796875","6593.34091796875","","","","","","","","","","","","","","","","","","","3536","3536","3536","6583.07060546875","6583.07060546875","6583.07060546875","","","","","","","","","","","","","","","","","",""
"1.6400000000000001","","","","","","","5370","5370","5370","4695.18212890625","4695.18212890625","4695.18212890625","10741","10741","10741","3669.3666748046876","3669.3666748046876","3669.3666748046876","10741","10741","10741","6805.1","6805.1","6805.1","","","","","","","5370","5370","5370","3564.0107421875","3564.0107421875","3564.0107421875","10741","10741","10741","2236.425","2236.425","2236.425","10741","10741","10741","2718.2","2718.2","2718.2"
"1.6600000000000001","","","","","","","","","","","","","10872","10872","10872","3266.575","3266.575","3266.575","10872","10872","10872","6276.35","6276.35","6276.35","","","","","","","","","","","","","10872","10872","10872","2265.9","2265.9","2265.9","10872","10872","10872","2969","2969","2969"
"1.6800000000000002","","","","","","","5501","5501","5501","5283.030224609375","5283.030224609375","5283.030224609375","11003","11003","11003","2992.6","2992.6","2992.6","11003","11003","11003","6578.891748046875","6578.891748046875","6578.891748046875","","","","","","","5501","5501","5501","3668.875","3668.875","3668.875","11003","11003","11003","2160.7","2160.7","2160.7","11003","11003","11003","2730.85","2730.85","2730.85"
"1.6826347305389222","3667","3667","3667","6283.75244140625","6283.75244140625","6283.75244140625","","","","","","","","","","","","","","","","","","","3667","3667","3667","6471.517919921875","6471.517919921875","6471.517919921875","","","","","","","","","","","","","","","","","",""
"1.7","","","","","","","","","","","","","11134","11134","11134","3315.825","3315.825","3315.825","11134","11134","11134","6329.858349609375","6329.858349609375","6329.858349609375","","","","","","","","","","","","","11134","11134","11134","2930.275","2930.275","2930.275","11134","11134","11134","3416.875","3416.875","3416.875"
"1.72","","","","","","","5632","5632","5632","5142.344482421875","5142.344482421875","5142.344482421875","11265","11265","11265","3262.458349609375","3262.458349609375","3262.458349609375","11265","11265","11265","6416.750048828125","6416.750048828125","6416.750048828125","","","","","","","5632","5632","5632","2911.5375","2911.5375","2911.5375","11265","11265","11265","2250.425","2250.425","2250.425","11265","11265","11265","2880.1","2880.1","2880.1"
"1.74","","","","","","","","","","","","","11396","11396","11396","2778.4416748046874","2778.4416748046874","2778.4416748046874","11396","11396","11396","6356.725","6356.725","6356.725","","","","","","","","","","","","","11396","11396","11396","2777.15","2777.15","2777.15","11396","11396","11396","3046.85","3046.85","3046.85"
"1.7425149700598803","3798","3798","3798","7424.312158203125","7424.312158203125","7424.312158203125","","","","","","","","","","","","","","","","","","","3798","3798","3798","7127.8904296875","7127.8904296875","7127.8904296875","","","","","","","","","","","","","","","","","",""
"1.76","","","","","","","5763","5763","5763","5344.77861328125","5344.77861328125","5344.77861328125","11527","11527","11527","2784","2784","2784","11527","11527","11527","5944.14169921875","5944.14169921875","5944.14169921875","","","","","","","5763","5763","5763","3402.6375","3402.6375","3402.6375","11527","11527","11527","2447","2447","2447","11527","11527","11527","2767.575","2767.575","2767.575"
"1.78","","","","","","","","","","","","","11658","11658","11658","3049.475","3049.475","3049.475","11658","11658","11658","6500.05","6500.05","6500.05","","","","","","","","","","","","","11658","11658","11658","2435.95","2435.95","2435.95","11658","11658","11658","3264.3","3264.3","3264.3"
"1.8","","","","","","","5894","5894","5894","5232.13505859375","5232.13505859375","5232.13505859375","11789","11789","11789","3160.3750244140624","3160.3750244140624","3160.3750244140624","11789","11789","11789","6437.675","6437.675","6437.675","","","","","","","5894","5894","5894","3882.1375","3882.1375","3882.1375","11789","11789","11789","3234.3","3234.3","3234.3","11789","11789","11789","3873.075","3873.075","3873.075"
"1.8023952095808382","3929","3929","3929","7216.526806640625","7216.526806640625","7216.526806640625","","","","","","","","","","","","","","","","","","","3929","3929","3929","7220.615234375","7220.615234375","7220.615234375","","","","","","","","","","","","","","","","","",""
"1.8199999999999998","","","","","","","","","","","","","11920","11920","11920","2844.95","2844.95","2844.95","11920","11920","11920","6082.825","6082.825","6082.825","","","","","","","","","","","","","11920","11920","11920","3020.225","3020.225","3020.225","11920","11920","11920","3585.6","3585.6","3585.6"
"1.8399999999999999","","","","","","","6025","6025","6025","4726.595849609375","4726.595849609375","4726.595849609375","12051","12051","12051","2416.375","2416.375","2416.375","12051","12051","12051","5682.175","5682.175","5682.175","","","","","","","6025","6025","6025","3705.5875","3705.5875","3705.5875","12051","12051","12051","2593.5","2593.5","2593.5","12051","12051","12051","3047.45","3047.45","3047.45"
"1.8599999999999999","","","","","","","","","","","","","12182","12182","12182","2508.75","2508.75","2508.75","12182","12182","12182","5835.108349609375","5835.108349609375","5835.108349609375","","","","","","","","","","","","","12182","12182","12182","2509.25","2509.25","2509.25","12182","12182","12182","3204.775","3204.775","3204.775"
"1.8622754491017965","4060","4060","4060","6932.140673828125","6932.140673828125","6932.140673828125","","","","","","","","","","","","","","","","","","","4060","4060","4060","6696.19326171875","6696.19326171875","6696.19326171875","","","","","","","","","","","","","","","","","",""
"1.88","","","","","","","6156","6156","6156","5192.375732421875","5192.375732421875","5192.375732421875","12313","12313","12313","2372.025","2372.025","2372.025","12313","12313","12313","6526.61669921875","6526.61669921875","6526.61669921875","","","","","","","6156","6156","6156","3729.225","3729.225","3729.225","12313","12313","12313","2663.425","2663.425","2663.425","12313","12313","12313","3934.075","3934.075","3934.075"
"1.9","","","","","","","","","","","","","12444","12444","12444","2588.375","2588.375","2588.375","12444","12444","12444","5888.608349609375","5888.608349609375","5888.608349609375","","","","","","","","","","","","","12444","12444","12444","2524.9","2524.9","2524.9","12444","12444","12444","3496.3","3496.3","3496.3"
"1.92","","","","","","","6287","6287","6287","4902.8873046875","4902.8873046875","4902.8873046875","12575","12575","12575","2339.3","2339.3","2339.3","12575","12575","12575","6303.275","6303.275","6303.275","","","","","","","6287","6287","6287","3841.7375","3841.7375","3841.7375","12575","12575","12575","2879.425","2879.425","2879.425","12575","12575","12575","3190.525","3190.525","3190.525"
"1.9221556886227544","4191","4191","4191","6904.7134765625","6904.7134765625","6904.7134765625","","","","","","","","","","","","","","","","","","","4191","4191","4191","6554.470751953125","6554.470751953125","6554.470751953125","","","","","","","","","","","","","","","","","",""
"1.94","","","","","","","","","","","","","12706","12706","12706","2322.508349609375","2322.508349609375","2322.508349609375","12706","12706","12706","6031.783349609375","6031.783349609375","6031.783349609375","","","","","","","","","","","","","12706","12706","12706","3164.4","3164.4","3164.4","12706","12706","12706","3472.4","3472.4","3472.4"
"1.96","","","","","","","6418","6418","6418","5317.242919921875","5317.242919921875","5317.242919921875","12837","12837","12837","2237.225","2237.225","2237.225","12837","12837","12837","5959.75","5959.75","5959.75","","","","","","","6418","6418","6418","3306","3306","3306","12837","12837","12837","2289.825","2289.825","2289.825","12837","12837","12837","2692.475","2692.475","2692.475"
"1.98","","","","","","","","","","","","","12968","12968","12968","2609.85","2609.85","2609.85","12968","12968","12968","5981.45","5981.45","5981.45","","","","","","","","","","","","","12968","12968","12968","2582.975","2582.975","2582.975","12968","12968","12968","3151","3151","3151"
"1.9820359281437125","4322","4322","4322","6439.959228515625","6439.959228515625","6439.959228515625","","","","","","","","","","","","","","","","","","","4322","4322","4322","6482.2693359375","6482.2693359375","6482.2693359375","","","","","","","","","","","","","","","","","",""
"2","","","","","","","6549","6549","6549","5682.257177734375","5682.257177734375","5682.257177734375","13099","13099","13099","2489.608349609375","2489.608349609375","2489.608349609375","13099","13099","13099","6472.616748046875","6472.616748046875","6472.616748046875","","","","","","","6549","6549","6549","3735.7125","3735.7125","3735.7125","13099","13099","13099","2535.825","2535.825","2535.825","13099","13099","13099","2677.275","2677.275","2677.275"
"2.02","","","","","","","","","","","","","13230","13230","13230","2688.475","2688.475","2688.475","13230","13230","13230","6512.2","6512.2","6512.2","","","","","","","","","","","","","13230","13230","13230","2281.075","2281.075","2281.075","13230","13230","13230","2660.9333740234374","2660.9333740234374","2660.9333740234374"
"2.04","","","","","","","6680","6680","6680","4882.786376953125","4882.786376953125","4882.786376953125","13361","13361","13361","2269.95","2269.95","2269.95","13361","13361","13361","6301.683349609375","6301.683349609375","6301.683349609375","","","","","","","6680","6680","6680","3293.775","3293.775","3293.775","13361","13361","13361","2302.75","2302.75","2302.75","13361","13361","13361","2418.875","2418.875","2418.875"
"2.0479041916167664","4453","4453","4453","6743.524169921875","6743.524169921875","6743.524169921875","","","","","","","","","","","","","","","","","","","4453","4453","4453","6312.24833984375","6312.24833984375","6312.24833984375","","","","","","","","","","","","","","","","","",""
"2.06","","","","","","","","","","","","","13492","13492","13492","2324.0916748046875","2324.0916748046875","2324.0916748046875","13492","13492","13492","6849.433349609375","6849.433349609375","6849.433349609375","","","","","","","","","","","","","13492","13492","13492","2724.8","2724.8","2724.8","13492","13492","13492","2780.075","2780.075","2780.075"
"2.08","","","","","","","6811","6811","6811","4666.641455078125","4666.641455078125","4666.641455078125","13623","13623","13623","2174.7","2174.7","2174.7","13623","13623","13623","7178.31669921875","7178.31669921875","7178.31669921875","","","","","","","6811","6811","6811","3750.7375","3750.7375","3750.7375","13623","13623","13623","2840.733349609375","2840.733349609375","2840.733349609375","13623","13623","13623","2532.325","2532.325","2532.325"
"2.1","","","","","","","","","","","","","13754","13754","13754","2036.725","2036.725","2036.725","13754","13754","13754","6417.033349609375","6417.033349609375","6417.033349609375","","","","","","","","","","","","","13754","13754","13754","2234.125","2234.125","2234.125","13754","13754","13754","2663.4416748046874","2663.4416748046874","2663.4416748046874"
"2.1077844311377247","4584","4584","4584","7113.910400390625","7113.910400390625","7113.910400390625","","","","","","","","","","","","","","","","","","","4584","4584","4584","5894.14248046875","5894.14248046875","5894.14248046875","","","","","","","","","","","","","","","","","",""
"2.12","","","","","","","6942","6942","6942","5372.604736328125","5372.604736328125","5372.604736328125","13885","13885","13885","1964.125","1964.125","1964.125","13885","13885","13885","6510.033349609375","6510.033349609375","6510.033349609375","","","","","","","6942","6942","6942","3549.225","3549.225","3549.225","13885","13885","13885","2663.275","2663.275","2663.275","13885","13885","13885","2790.775","2790.775","2790.775"
"2.14","","","","","","","","","","","","","14016","14016","14016","1707.225","1707.225","1707.225","14016","14016","14016","7403.150048828125","7403.150048828125","7403.150048828125","","","","","","","","","","","","","14016","14016","14016","2283.275","2283.275","2283.275","14016","14016","14016","1961.35","1961.35","1961.35"
"2.16","","","","","","","7073","7073","7073","4862.872875976563","4862.872875976563","4862.872875976563","14147","14147","14147","1936.35","1936.35","1936.35","14147","14147","14147","6785.525048828125","6785.525048828125","6785.525048828125","","","","","","","7073","7073","7073","3518.55","3518.55","3518.55","14147","14147","14147","2359.275","2359.275","2359.275","14147","14147","14147","2633.375","2633.375","2633.375"
"2.1676646706586826","4715","4715","4715","7560.930029296875","7560.930029296875","7560.930029296875","","","","","","","","","","","","","","","","","","","4715","4715","4715","5945.8640625","5945.8640625","5945.8640625","","","","","","","","","","","","","","","","","",""
"2.18","","","","","","","","","","","","","14278","14278","14278","1673.575","1673.575","1673.575","14278","14278","14278","7246.200048828125","7246.200048828125","7246.200048828125","","","","","","","","","","","","","14278","14278","14278","2100.9","2100.9","2100.9","14278","14278","14278","2244.75","2244.75","2244.75"
"2.2","","","","","","","7204","7204","7204","4938.517260742187","4938.517260742187","4938.517260742187","14409","14409","14409","1870.7","1870.7","1870.7","14409","14409","14409","6887.84169921875","6887.84169921875","6887.84169921875","","","","","","","7204","7204","7204","3569.3125","3569.3125","3569.3125","14409","14409","14409","2055.925","2055.925","2055.925","14409","14409","14409","2252.05","2252.05","2252.05"
"2.22","","","","","","","","","","","","","14540","14540","14540","2045.8416748046875","2045.8416748046875","2045.8416748046875","14540","14540","14540","6451.55","6451.55","6451.55","","","","","","","","","","","","","14540","14540","14540","1936.475","1936.475","1936.475","14540","14540","14540","2390.075","2390.075","2390.075"
"2.2275449101796405","4846","4846","4846","7319.15732421875","7319.15732421875","7319.15732421875","","","","","","","","","","","","","","","","","","","4846","4846","4846","5455.48544921875","5455.48544921875","5455.48544921875","","","","","","","","","","","","","","","","","",""
"2.24","","","","","","","7335","7335","7335","4685.30478515625","4685.30478515625","4685.30478515625","14671","14671","14671","1989.75","1989.75","1989.75","14671","14671","14671","5963.4083984375","5963.4083984375","5963.4083984375","","","","","","","7335","7335","7335","3131.1125","3131.1125","3131.1125","14671","14671","14671","2169.1","2169.1","2169.1","14671","14671","14671","2935.9","2935.9","2935.9"
"2.26","","","","","","","","","","","","","14802","14802","14802","2117.8","2117.8","2117.8","14802","14802","14802","5694.1","5694.1","5694.1","","","","","","","","","","","","","14802","14802","14802","2483.95","2483.95","2483.95","14802","14802","14802","2257.2166748046875","2257.2166748046875","2257.2166748046875"
"2.2800000000000002","","","","","","","7466","7466","7466","5490.876123046875","5490.876123046875","5490.876123046875","14933","14933","14933","2023.775","2023.775","2023.775","14933","14933","14933","6018.700048828125","6018.700048828125","6018.700048828125","","","","","","","7466","7466","7466","4081.4375","4081.4375","4081.4375","14933","14933","14933","2259.45","2259.45","2259.45","14933","14933","14933","2168.1","2168.1","2168.1"
"2.287425149700599","4977","4977","4977","7749.746142578125","7749.746142578125","7749.746142578125","","","","","","","","","","","","","","","","","","","4977","4977","4977","6173.752099609375","6173.752099609375","6173.752099609375","","","","","","","","","","","","","","","","","",""
"2.3","","","","","","","","","","","","","15064","15064","15064","1893.8","1893.8","1893.8","15064","15064","15064","6577.183349609375","6577.183349609375","6577.183349609375","","","","","","","","","","","","","15064","15064","15064","2022.7","2022.7","2022.7","15064","15064","15064","2071.975","2071.975","2071.975"
"2.32","","","","","","","7597","7597","7597","4956.722119140625","4956.722119140625","4956.722119140625","15195","15195","15195","2161.408349609375","2161.408349609375","2161.408349609375","15195","15195","15195","5978.725048828125","5978.725048828125","5978.725048828125","","","","","","","7597","7597","7597","3477.475","3477.475","3477.475","15195","15195","15195","1984.825","1984.825","1984.825","15195","15195","15195","1829.025","1829.025","1829.025"
"2.34","","","","","","","","","","","","","15326","15326","15326","1980.65","1980.65","1980.65","15326","15326","15326","5976.95","5976.95","5976.95","","","","","","","","","","","","","15326","15326","15326","1983.3","1983.3","1983.3","15326","15326","15326","2119.925","2119.925","2119.925"
"2.3473053892215567","5108","5108","5108","7048.52275390625","7048.52275390625","7048.52275390625","","","","","","","","","","","","","","","","","","","5108","5108","5108","5723.531201171875","5723.531201171875","5723.531201171875","","","","","","","","","","","","","","","","","",""
"2.36","","","","","","","7728","7728","7728","4286.32001953125","4286.32001953125","4286.32001953125","15457","15457","15457","2095.025","2095.025","2095.025","15457","15457","15457","6069.49169921875","6069.49169921875","6069.49169921875","","","","","","","7728","7728","7728","3145.1482421875","3145.1482421875","3145.1482421875","15457","15457","15457","2183.075","2183.075","2183.075","15457","15457","15457","2573.4416748046874","2573.4416748046874","2573.4416748046874"
"2.38","","","","","","","","","","","","","15588","15588","15588","2027.625","2027.625","2027.625","15588","15588","15588","5208.258349609375","5208.258349609375","5208.258349609375","","","","","","","","","","","","","15588","15588","15588","2072.675","2072.675","2072.675","15588","15588","15588","1674.975","1674.975","1674.975"
"2.4","","","","","","","7859","7859","7859","4573.4593505859375","4573.4593505859375","4573.4593505859375","15719","15719","15719","2119.325","2119.325","2119.325","15719","15719","15719","5951.258349609375","5951.258349609375","5951.258349609375","","","","","","","7859","7859","7859","3328.1","3328.1","3328.1","15719","15719","15719","2192.425","2192.425","2192.425","15719","15719","15719","2268.175","2268.175","2268.175"
"2.407185628742515","5239","5239","5239","6965.929345703125","6965.929345703125","6965.929345703125","","","","","","","","","","","","","","","","","","","5239","5239","5239","5674.640307617187","5674.640307617187","5674.640307617187","","","","","","","","","","","","","","","","","",""
"2.42","","","","","","","","","","","","","15850","15850","15850","1998.325","1998.325","1998.325","15850","15850","15850","5551.983349609375","5551.983349609375","5551.983349609375","","","","","","","","","","","","","15850","15850","15850","1898.325","1898.325","1898.325","15850","15850","15850","1761.525","1761.525","1761.525"
"2.44","","","","","","","7990","7990","7990","4565.893017578125","4565.893017578125","4565.893017578125","15981","15981","15981","2013.425","2013.425","2013.425","15981","15981","15981","5372.84169921875","5372.84169921875","5372.84169921875","","","","","","","7990","7990","7990","2869.4875","2869.4875","2869.4875","15981","15981","15981","2207.75","2207.75","2207.75","15981","15981","15981","1740.475","1740.475","1740.475"
"2.46","","","","","","","","","","","","","16112","16112","16112","2110.025","2110.025","2110.025","16112","16112","16112","4714.516674804688","4714.516674804688","4714.516674804688","","","","","","","","","","","","","16112","16112","16112","1920.225","1920.225","1920.225","16112","16112","16112","1698.25","1698.25","1698.25"
"2.467065868263473","5370","5370","5370","7148.16494140625","7148.16494140625","7148.16494140625","","","","","","","","","","","","","","","","","","","5370","5370","5370","5592.914404296875","5592.914404296875","5592.914404296875","","","","","","","","","","","","","","","","","",""
"2.48","","","","","","","8121","8121","8121","4430.70966796875","4430.70966796875","4430.70966796875","16243","16243","16243","2170.425","2170.425","2170.425","16243","16243","16243","4894.25","4894.25","4894.25","","","","","","","8121","8121","8121","2704.725","2704.725","2704.725","16243","16243","16243","2416.575","2416.575","2416.575","16243","16243","16243","2150.408349609375","2150.408349609375","2150.408349609375"
"2.5","","","","","","","","","","","","","16374","16374","16374","2108.675","2108.675","2108.675","16374","16374","16374","5016.56669921875","5016.56669921875","5016.56669921875","","","","","","","","","","","","","16374","16374","16374","2161.375","2161.375","2161.375","16374","16374","16374","1928.5","1928.5","1928.5"
"2.52","","","","","","","8252","8252","8252","4755.882788085937","4755.882788085937","4755.882788085937","16505","16505","16505","2242.05","2242.05","2242.05","16505","16505","16505","4908.383349609375","4908.383349609375","4908.383349609375","","","","","","","8252","8252","8252","3024.3","3024.3","3024.3","16505","16505","16505","2291.25","2291.25","2291.25","16505","16505","16505","2070.591668701172","2070.591668701172","2070.591668701172"
"2.5269461077844313","5501","5501","5501","6839.86337890625","6839.86337890625","6839.86337890625","","","","","","","","","","","","","","","","","","","5501","5501","5501","5617.722314453125","5617.722314453125","5617.722314453125","","","","","","","","","","","","","","","","","",""
"2.54","","","","","","","","","","","","","16636","16636","16636","2174.4","2174.4","2174.4","16636","16636","16636","4880.1","4880.1","4880.1","","","","","","","","","","","","","16636","16636","16636","3046.125","3046.125","3046.125","16636","16636","16636","1848.75","1848.75","1848.75"
"2.56","","","","","","","8383","8383","8383","4814.486474609375","4814.486474609375","4814.486474609375","16767","16767","16767","2482.1666748046873","2482.1666748046873","2482.1666748046873","16767","16767","16767","5244.54169921875","5244.54169921875","5244.54169921875","","","","","","","8383","8383","8383","3001.9625","3001.9625","3001.9625","16767","16767","16767","3026.725","3026.725","3026.725","16767","16767","16767","2334.833349609375","2334.833349609375","2334.833349609375"
"2.58","","","","","","","","","","","","","16898","16898","16898","1952.45","1952.45","1952.45","16898","16898","16898","5449.825","5449.825","5449.825","","","","","","","","","","","","","16898","16898","16898","2515.3","2515.3","2515.3","16898","16898","16898","1755.7","1755.7","1755.7"
"2.586826347305389","5632","5632","5632","6783.622607421875","6783.622607421875","6783.622607421875","","","","","","","","","","","","","","","","","","","5632","5632","5632","5559.1958984375","5559.1958984375","5559.1958984375","","","","","","","","","","","","","","","","","",""
"2.6","","","","","","","8514","8514","8514","4768.717333984375","4768.717333984375","4768.717333984375","17029","17029","17029","1945.85","1945.85","1945.85","17029","17029","17029","5162.71669921875","5162.71669921875","5162.71669921875","","","","","","","8514","8514","8514","3149.6375","3149.6375","3149.6375","17029","17029","17029","2608.2","2608.2","2608.2","17029","17029","17029","2200.725","2200.725","2200.725"
"2.62","","","","","","","","","","","","","17160","17160","17160","1940.6","1940.6","1940.6","17160","17160","17160","5150.1","5150.1","5150.1","","","","","","","","","","","","","17160","17160","17160","2608","2608","2608","17160","17160","17160","1904.5","1904.5","1904.5"
"2.64","","","","","","","8645","8645","8645","4748.152294921875","4748.152294921875","4748.152294921875","17291","17291","17291","2099.625","2099.625","2099.625","17291","17291","17291","5265.16669921875","5265.16669921875","5265.16669921875","","","","","","","8645","8645","8645","2962.0125","2962.0125","2962.0125","17291","17291","17291","2387.2","2387.2","2387.2","17291","17291","17291","1674.975","1674.975","1674.975"
"2.6467065868263475","5763","5763","5763","7219.208349609375","7219.208349609375","7219.208349609375","","","","","","","","","","","","","","","","","","","5763","5763","5763","5436.846728515625","5436.846728515625","5436.846728515625","","","","","","","","","","","","","","","","","",""
"2.66","","","","","","","","","","","","","17422","17422","17422","2360.875","2360.875","2360.875","17422","17422","17422","6104.083349609375","6104.083349609375","6104.083349609375","","","","","","","","","","","","","17422","17422","17422","2348.85","2348.85","2348.85","17422","17422","17422","1764.725","1764.725","1764.725"
"2.68","","","","","","","8776","8776","8776","5402.679248046875","5402.679248046875","5402.679248046875","17553","17553","17553","2146.708349609375","2146.708349609375","2146.708349609375","17553","17553","17553","5754.308349609375","5754.308349609375","5754.308349609375","","","","","","","8776","8776","8776","2978.575","2978.575","2978.575","17553","17553","17553","2576.775","2576.775","2576.775","17553","17553","17553","1616.15","1616.15","1616.15"
"2.7","","","","","","","","","","","","","17684","17684","17684","2369.0000244140624","2369.0000244140624","2369.0000244140624","17684","17684","17684","5345.5","5345.5","5345.5","","","","","","","","","","","","","17684","17684","17684","2857.825","2857.825","2857.825","17684","17684","17684","2173.6666748046873","2173.6666748046873","2173.6666748046873"
"2.7065868263473054","5894","5894","5894","6743.0837890625","6743.0837890625","6743.0837890625","","","","","","","","","","","","","","","","","","","5894","5894","5894","5481.1112060546875","5481.1112060546875","5481.1112060546875","","","","","","","","","","","","","","","","","",""
"2.7199999999999998","","","","","","","8907","8907","8907","5290.445361328125","5290.445361328125","5290.445361328125","17815","17815","17815","1919.775","1919.775","1919.775","17815","17815","17815","6045.4333984375","6045.4333984375","6045.4333984375","","","","","","","8907","8907","8907","3450.4125","3450.4125","3450.4125","17815","17815","17815","2814.9","2814.9","2814.9","17815","17815","17815","1372.05","1372.05","1372.05"
"2.74","","","","","","","","","","","","","17946","17946","17946","2337.3166748046874","2337.3166748046874","2337.3166748046874","17946","17946","17946","5923.84169921875","5923.84169921875","5923.84169921875","","","","","","","","","","","","","17946","17946","17946","2661.15","2661.15","2661.15","17946","17946","17946","2329.525","2329.525","2329.525"
"2.76","","","","","","","9038","9038","9038","4665.237548828125","4665.237548828125","4665.237548828125","18077","18077","18077","2063.8","2063.8","2063.8","18077","18077","18077","5309.483349609375","5309.483349609375","5309.483349609375","","","","","","","9038","9038","9038","2792.225","2792.225","2792.225","18077","18077","18077","2663.875","2663.875","2663.875","18077","18077","18077","1758.825","1758.825","1758.825"
"2.7664670658682633","6025","6025","6025","6235.093310546875","6235.093310546875","6235.093310546875","","","","","","","","","","","","","","","","","","","6025","6025","6025","5093.93798828125","5093.93798828125","5093.93798828125","","","","","","","","","","","","","","","","","",""
"2.7800000000000002","","","","","","","","","","","","","18208","18208","18208","2318.2916748046873","2318.2916748046873","2318.2916748046873","18208","18208","18208","5361.2","5361.2","5361.2","","","","","","","","","","","","","18208","18208","18208","2190.625","2190.625","2190.625","18208","18208","18208","1705.475","1705.475","1705.475"
"2.8","","","","","","","9169","9169","9169","4917.15791015625","4917.15791015625","4917.15791015625","18339","18339","18339","2239.775","2239.775","2239.775","18339","18339","18339","6312.10009765625","6312.10009765625","6312.10009765625","","","","","","","9169","9169","9169","3248.7","3248.7","3248.7","18339","18339","18339","3231.075","3231.075","3231.075","18339","18339","18339","2094.4","2094.4","2094.4"
"2.82","","","","","","","","","","","","","18470","18470","18470","2422.8","2422.8","2422.8","18470","18470","18470","4879.125","4879.125","4879.125","","","","","","","","","","","","","18470","18470","18470","2143.075","2143.075","2143.075","18470","18470","18470","1336.175","1336.175","1336.175"
"2.8263473053892216","6156","6156","6156","6442.926318359375","6442.926318359375","6442.926318359375","","","","","","","","","","","","","","","","","","","6156","6156","6156","5467.53134765625","5467.53134765625","5467.53134765625","","","","","","","","","","","","","","","","","",""
"2.84","","","","","","","9300","9300","9300","4731.621435546875","4731.621435546875","4731.621435546875","18601","18601","18601","2391.8","2391.8","2391.8","18601","18601","18601","5934.0583984375","5934.0583984375","5934.0583984375","","","","","","","9300","9300","9300","2879.0375","2879.0375","2879.0375","18601","18601","18601","2073.95","2073.95","2073.95","18601","18601","18601","1929.1916748046874","1929.1916748046874","1929.1916748046874"
"2.86","","","","","","","","","","","","","18732","18732","18732","2279.35","2279.35","2279.35","18732","18732","18732","6189.10009765625","6189.10009765625","6189.10009765625","","","","","","","","","","","","","18732","18732","18732","2402.85","2402.85","2402.85","18732","18732","18732","1398.725","1398.725","1398.725"
"2.88","","","","","","","9431","9431","9431","5802.76416015625","5802.76416015625","5802.76416015625","18863","18863","18863","2114.5","2114.5","2114.5","18863","18863","18863","6588.558349609375","6588.558349609375","6588.558349609375","","","","","","","9431","9431","9431","3078.15","3078.15","3078.15","18863","18863","18863","2411.125","2411.125","2411.125","18863","18863","18863","1609","1609","1609"
"2.8862275449101795","6287","6287","6287","7511.194091796875","7511.194091796875","7511.194091796875","","","","","","","","","","","","","","","","","","","6287","6287","6287","5894.091357421875","5894.091357421875","5894.091357421875","","","","","","","","","","","","","","","","","",""
"2.9","","","","","","","","","","","","","18994","18994","18994","2111.908349609375","2111.908349609375","2111.908349609375","18994","18994","18994","6199.408349609375","6199.408349609375","6199.408349609375","","","","","","","","","","","","","18994","18994","18994","2574.625","2574.625","2574.625","18994","18994","18994","1710.2500244140624","1710.2500244140624","1710.2500244140624"
"2.92","","","","","","","9562","9562","9562","5747.458447265625","5747.458447265625","5747.458447265625","19125","19125","19125","2089.625","2089.625","2089.625","19125","19125","19125","6576.99169921875","6576.99169921875","6576.99169921875","","","","","","","9562","9562","9562","3194.425","3194.425","3194.425","19125","19125","19125","2498.9","2498.9","2498.9","19125","19125","19125","1606.55","1606.55","1606.55"
"2.94","","","","","","","","","","","","","19256","19256","19256","2255.7","2255.7","2255.7","19256","19256","19256","6850.05009765625","6850.05009765625","6850.05009765625","","","","","","","","","","","","","19256","19256","19256","2889.475","2889.475","2889.475","19256","19256","19256","1708.2","1708.2","1708.2"
"2.946107784431138","6418","6418","6418","7788.198779296875","7788.198779296875","7788.198779296875","","","","","","","","","","","","","","","","","","","6418","6418","6418","6004.200927734375","6004.200927734375","6004.200927734375","","","","","","","","","","","","","","","","","",""
"2.96","","","","","","","9693","9693","9693","5231.16474609375","5231.16474609375","5231.16474609375","19387","19387","19387","2456.8","2456.8","2456.8","19387","19387","19387","6119.350048828125","6119.350048828125","6119.350048828125","","","","","","","9693","9693","9693","3510.9375","3510.9375","3510.9375","19387","19387","19387","2268.025","2268.025","2268.025","19387","19387","19387","1464.0166748046875","1464.0166748046875","1464.0166748046875"
"2.98","","","","","","","","","","","","","19518","19518","19518","2533.7916748046873","2533.7916748046873","2533.7916748046873","19518","19518","19518","6607.09169921875","6607.09169921875","6607.09169921875","","","","","","","","","","","","","19518","19518","19518","3005.825","3005.825","3005.825","19518","19518","19518","1965.075","1965.075","1965.075"
"3","","","","","","","9824","9824","9824","5193.869091796875","5193.869091796875","5193.869091796875","19649","19649","19649","2088.15","2088.15","2088.15","19649","19649","19649","6726.85009765625","6726.85009765625","6726.85009765625","","","","","","","9824","9824","9824","3296.6","3296.6","3296.6","19649","19649","19649","2680.7","2680.7","2680.7","19649","19649","19649","1685.9","1685.9","1685.9"
"3.0119760479041915","6549","6549","6549","7145.61474609375","7145.61474609375","7145.61474609375","","","","","","","","","","","","","","","","","","","6549","6549","6549","5746.424951171875","5746.424951171875","5746.424951171875","","","","","","","","","","","","","","","","","",""
"3.02","","","","","","","","","","","","","19780","19780","19780","2271.85","2271.85","2271.85","19780","19780","19780","6291.875","6291.875","6291.875","","","","","","","","","","","","","19780","19780","19780","2651.3","2651.3","2651.3","19780","19780","19780","1411.6916748046874","1411.6916748046874","1411.6916748046874"
"3.04","","","","","","","9955","9955","9955","5325.354321289063","5325.354321289063","5325.354321289063","19911","19911","19911","2009.725","2009.725","2009.725","19911","19911","19911","6054.16669921875","6054.16669921875","6054.16669921875","","","","","","","9955","9955","9955","2789.9875","2789.9875","2789.9875","19911","19911","19911","2201.125","2201.125","2201.125","19911","19911","19911","1381.6416748046875","1381.6416748046875","1381.6416748046875"
"3.06","","","","","","","","","","","","","20042","20042","20042","2598.2","2598.2","2598.2","20042","20042","20042","6485.0333984375","6485.0333984375","6485.0333984375","","","","","","","","","","","","","20042","20042","20042","2787.375","2787.375","2787.375","20042","20042","20042","1964.7","1964.7","1964.7"
"3.07185628742515","6680","6680","6680","7620.40400390625","7620.40400390625","7620.40400390625","","","","","","","","","","","","","","","","","","","6680","6680","6680","5420.976953125","5420.976953125","5420.976953125","","","","","","","","","","","","","","","","","",""
"3.08","","","","","","","10086","10086","10086","4912.419262695313","4912.419262695313","4912.419262695313","20173","20173","20173","2385.15","2385.15","2385.15","20173","20173","20173","5456.175048828125","5456.175048828125","5456.175048828125","","","","","","","10086","10086","10086","2827.9375","2827.9375","2827.9375","20173","20173","20173","2575.85","2575.85","2575.85","20173","20173","20173","1674.825","1674.825","1674.825"
"3.1","","","","","","","","","","","","","20304","20304","20304","2706.7","2706.7","2706.7","20304","20304","20304","6049.825","6049.825","6049.825","","","","","","","","","","","","","20304","20304","20304","2555.35","2555.35","2555.35","20304","20304","20304","1490.275","1490.275","1490.275"
"3.12","","","","","","","10217","10217","10217","5510.1970703125","5510.1970703125","5510.1970703125","20435","20435","20435","2247.35","2247.35","2247.35","20435","20435","20435","5746.24169921875","5746.24169921875","5746.24169921875","","","","","","","10217","10217","10217","2674.6625","2674.6625","2674.6625","20435","20435","20435","2325.075","2325.075","2325.075","20435","20435","20435","1621.2","1621.2","1621.2"
"3.1317365269461077","6811","6811","6811","6675.175927734375","6675.175927734375","6675.175927734375","","","","","","","","","","","","","","","","","","","6811","6811","6811","5111.7380859375","5111.7380859375","5111.7380859375","","","","","","","","","","","","","","","","","",""
"3.14","","","","","","","","","","","","","20566","20566","20566","2563.95","2563.95","2563.95","20566","20566","20566","6165.12509765625","6165.12509765625","6165.12509765625","","","","","","","","","","","","","20566","20566","20566","2337.65","2337.65","2337.65","20566","20566","20566","1744.5","1744.5","1744.5"
"3.16","","","","","","","10348","10348","10348","4515.34716796875","4515.34716796875","4515.34716796875","20697","20697","20697","2114.25","2114.25","2114.25","20697","20697","20697","5861.51669921875","5861.51669921875","5861.51669921875","","","","","","","10348","10348","10348","2736.575","2736.575","2736.575","20697","20697","20697","2667.375","2667.375","2667.375","20697","20697","20697","1899.2","1899.2","1899.2"
"3.18","","","","","","","","","","","","","20828","20828","20828","2377.2666748046877","2377.2666748046877","2377.2666748046877","20828","20828","20828","6055.775","6055.775","6055.775","","","","","","","","","","","","","20828","20828","20828","3702.175","3702.175","3702.175","20828","20828","20828","2072","2072","2072"
"3.191616766467066","6942","6942","6942","7163.0984375","7163.0984375","7163.0984375","","","","","","","","","","","","","","","","","","","6942","6942","6942","5360.509521484375","5360.509521484375","5360.509521484375","","","","","","","","","","","","","","","","","",""
"3.2","","","","","","","10479","10479","10479","4685.317333984375","4685.317333984375","4685.317333984375","20959","20959","20959","2519.75","2519.75","2519.75","20959","20959","20959","6324.800048828125","6324.800048828125","6324.800048828125","","","","","","","10479","10479","10479","3075.7125","3075.7125","3075.7125","20959","20959","20959","3170.625","3170.625","3170.625","20959","20959","20959","2476.675","2476.675","2476.675"
"3.22","","","","","","","","","","","","","21090","21090","21090","2537.825","2537.825","2537.825","21090","21090","21090","6338.725048828125","6338.725048828125","6338.725048828125","","","","","","","","","","","","","21090","21090","21090","2556.15","2556.15","2556.15","21090","21090","21090","1613.925","1613.925","1613.925"
"3.24","","","","","","","10610","10610","10610","5259.7529296875","5259.7529296875","5259.7529296875","21221","21221","21221","2563.175","2563.175","2563.175","21221","21221","21221","6211.166748046875","6211.166748046875","6211.166748046875","","","","","","","10610","10610","10610","2574.85537109375","2574.85537109375","2574.85537109375","21221","21221","21221","2487.65","2487.65","2487.65","21221","21221","21221","1625.35","1625.35","1625.35"
"3.251497005988024","7073","7073","7073","7199.818994140625","7199.818994140625","7199.818994140625","","","","","","","","","","","","","","","","","","","7073","7073","7073","5212.43466796875","5212.43466796875","5212.43466796875","","","","","","","","","","","","","","","","","",""
"3.26","","","","","","","","","","","","","21352","21352","21352","2863.05","2863.05","2863.05","21352","21352","21352","6095.8833984375","6095.8833984375","6095.8833984375","","","","","","","","","","","","","21352","21352","21352","2984.525","2984.525","2984.525","21352","21352","21352","2231.3","2231.3","2231.3"
"3.2800000000000002","","","","","","","10741","10741","10741","4955.35478515625","4955.35478515625","4955.35478515625","21483","21483","21483","2862.708349609375","2862.708349609375","2862.708349609375","21483","21483","21483","5654.56669921875","5654.56669921875","5654.56669921875","","","","","","","10741","10741","10741","3001.1875","3001.1875","3001.1875","21483","21483","21483","2728.275","2728.275","2728.275","21483","21483","21483","1565.75","1565.75","1565.75"
"3.3","","","","","","","","","","","","","21614","21614","21614","2809.3","2809.3","2809.3","21614","21614","21614","5452.25","5452.25","5452.25","","","","","","","","","","","","","21614","21614","21614","2974.85","2974.85","2974.85","21614","21614","21614","2469","2469","2469"
"3.3113772455089823","7204","7204","7204","7138.57236328125","7138.57236328125","7138.57236328125","","","","","","","","","","","","","","","","","","","7204","7204","7204","5275.745141601563","5275.745141601563","5275.745141601563","","","","","","","","","","","","","","","","","",""
"3.32","","","","","","","10872","10872","10872","5443.36181640625","5443.36181640625","5443.36181640625","21745","21745","21745","2907.6","2907.6","2907.6","21745","21745","21745","6193.19169921875","6193.19169921875","6193.19169921875","","","","","","","10872","10872","10872","3026.25","3026.25","3026.25","21745","21745","21745","2823.7","2823.7","2823.7","21745","21745","21745","1815.625","1815.625","1815.625"
"3.34","","","","","","","","","","","","","21876","21876","21876","3027.358349609375","3027.358349609375","3027.358349609375","21876","21876","21876","6069.175","6069.175","6069.175","","","","","","","","","","","","","21876","21876","21876","3310.15","3310.15","3310.15","21876","21876","21876","2359.75","2359.75","2359.75"
"3.36","","","","","","","11003","11003","11003","5280.459033203125","5280.459033203125","5280.459033203125","22007","22007","22007","2916.65","2916.65","2916.65","22007","22007","22007","5909.066748046875","5909.066748046875","5909.066748046875","","","","","","","11003","11003","11003","2984.65","2984.65","2984.65","22007","22007","22007","2729.5","2729.5","2729.5","22007","22007","22007","2246.425","2246.425","2246.425"
"3.37125748502994","7335","7335","7335","7514.39150390625","7514.39150390625","7514.39150390625","","","","","","","","","","","","","","","","","","","7335","7335","7335","5516.897900390625","5516.897900390625","5516.897900390625","","","","","","","","","","","","","","","","","",""
"3.38","","","","","","","","","","","","","22138","22138","22138","2951.35","2951.35","2951.35","22138","22138","22138","5978.000048828125","5978.000048828125","5978.000048828125","","","","","","","","","","","","","22138","22138","22138","2702.1","2702.1","2702.1","22138","22138","22138","1866.15","1866.15","1866.15"
"3.4","","","","","","","11134","11134","11134","5099.40087890625","5099.40087890625","5099.40087890625","22269","22269","22269","3216.225","3216.225","3216.225","22269","22269","22269","6035.883349609375","6035.883349609375","6035.883349609375","","","","","","","11134","11134","11134","3182.55","3182.55","3182.55","22269","22269","22269","2506.975","2506.975","2506.975","22269","22269","22269","1917.525","1917.525","1917.525"
"3.42","","","","","","","","","","","","","22400","22400","22400","3267.733349609375","3267.733349609375","3267.733349609375","22400","22400","22400","6331.958349609375","6331.958349609375","6331.958349609375","","","","","","","","","","","","","22400","22400","22400","2758.15","2758.15","2758.15","22400","22400","22400","2444.3","2444.3","2444.3"
"3.431137724550898","7466","7466","7466","7533.424658203125","7533.424658203125","7533.424658203125","","","","","","","","","","","","","","","","","","","7466","7466","7466","5675.401611328125","5675.401611328125","5675.401611328125","","","","","","","","","","","","","","","","","",""
"3.44","","","","","","","11265","11265","11265","5683.8619384765625","5683.8619384765625","5683.8619384765625","22531","22531","22531","2897.225","2897.225","2897.225","22531","22531","22531","5441.25","5441.25","5441.25","","","","","","","11265","11265","11265","3232.3625","3232.3625","3232.3625","22531","22531","22531","2693.65","2693.65","2693.65","22531","22531","22531","2065.875","2065.875","2065.875"
"3.46","","","","","","","","","","","","","22662","22662","22662","2880.95","2880.95","2880.95","22662","22662","22662","5990.325","5990.325","5990.325","","","","","","","","","","","","","22662","22662","22662","3126.8","3126.8","3126.8","22662","22662","22662","2186.05","2186.05","2186.05"
"3.48","","","","","","","11396","11396","11396","5396.762890625","5396.762890625","5396.762890625","22793","22793","22793","3237.225","3237.225","3237.225","22793","22793","22793","5731.4333984375","5731.4333984375","5731.4333984375","","","","","","","11396","11396","11396","3086.08037109375","3086.08037109375","3086.08037109375","22793","22793","22793","2723.275","2723.275","2723.275","22793","22793","22793","2380.6916748046874","2380.6916748046874","2380.6916748046874"
"3.4910179640718564","7597","7597","7597","7565.42265625","7565.42265625","7565.42265625","","","","","","","","","","","","","","","","","","","7597","7597","7597","5638.135791015625","5638.135791015625","5638.135791015625","","","","","","","","","","","","","","","","","",""
"3.5","","","","","","","","","","","","","22924","22924","22924","3180.825","3180.825","3180.825","22924","22924","22924","5765.075048828125","5765.075048828125","5765.075048828125","","","","","","","","","","","","","22924","22924","22924","3424.125","3424.125","3424.125","22924","22924","22924","2203.975","2203.975","2203.975"
"3.52","","","","","","","11527","11527","11527","5359.63505859375","5359.63505859375","5359.63505859375","23055","23055","23055","3152.075","3152.075","3152.075","23055","23055","23055","5898.608349609375","5898.608349609375","5898.608349609375","","","","","","","11527","11527","11527","3152.075","3152.075","3152.075","23055","23055","23055","3093.3","3093.3","3093.3","23055","23055","23055","1997.375","1997.375","1997.375"
"3.54","","","","","","","","","","","","","23186","23186","23186","3254.125","3254.125","3254.125","23186","23186","23186","5988.425","5988.425","5988.425","","","","","","","","","","","","","23186","23186","23186","2616.575","2616.575","2616.575","23186","23186","23186","2004.675","2004.675","2004.675"
"3.5508982035928143","7728","7728","7728","7460.28935546875","7460.28935546875","7460.28935546875","","","","","","","","","","","","","","","","","","","7728","7728","7728","4707.583422851562","4707.583422851562","4707.583422851562","","","","","","","","","","","","","","","","","",""
"3.56","","","","","","","11658","11658","11658","4998.534765625","4998.534765625","4998.534765625","23317","23317","23317","2884.4","2884.4","2884.4","23317","23317","23317","6035.716748046875","6035.716748046875","6035.716748046875","","","","","","","11658","11658","11658","3313.9875","3313.9875","3313.9875","23317","23317","23317","2665.125","2665.125","2665.125","23317","23317","23317","1848.3","1848.3","1848.3"
"3.58","","","","","","","","","","","","","23448","23448","23448","3225.325","3225.325","3225.325","23448","23448","23448","6048.258349609375","6048.258349609375","6048.258349609375","","","","","","","","","","","","","23448","23448","23448","3091.075","3091.075","3091.075","23448","23448","23448","2262.675","2262.675","2262.675"
"3.6","","","","","","","11789","11789","11789","4835.369384765625","4835.369384765625","4835.369384765625","23579","23579","23579","3127.025","3127.025","3127.025","23579","23579","23579","5965.975","5965.975","5965.975","","","","","","","11789","11789","11789","3014.25","3014.25","3014.25","23579","23579","23579","2587","2587","2587","23579","23579","23579","1781.6","1781.6","1781.6"
"3.6107784431137726","7859","7859","7859","7359.7048828125","7359.7048828125","7359.7048828125","","","","","","","","","","","","","","","","","","","7859","7859","7859","5501.038525390625","5501.038525390625","5501.038525390625","","","","","","","","","","","","","","","","","",""
"3.62","","","","","","","","","","","","","23710","23710","23710","3363.475","3363.475","3363.475","23710","23710","23710","6854.51669921875","6854.51669921875","6854.51669921875","","","","","","","","","","","","","23710","23710","23710","3319.7","3319.7","3319.7","23710","23710","23710","2191.1","2191.1","2191.1"
"3.64","","","","","","","11920","11920","11920","5500.0162109375","5500.0162109375","5500.0162109375","23841","23841","23841","3121.4","3121.4","3121.4","23841","23841","23841","6402.858349609375","6402.858349609375","6402.858349609375","","","","","","","11920","11920","11920","3087.1875","3087.1875","3087.1875","23841","23841","23841","3232.6","3232.6","3232.6","23841","23841","23841","2111.9","2111.9","2111.9"
"3.66","","","","","","","","","","","","","23972","23972","23972","2983.7","2983.7","2983.7","23972","23972","23972","5763.925","5763.925","5763.925","","","","","","","","","","","","","23972","23972","23972","2587.325","2587.325","2587.325","23972","23972","23972","1719.975","1719.975","1719.975"
"3.6706586826347305","7990","7990","7990","7314.306787109375","7314.306787109375","7314.306787109375","","","","","","","","","","","","","","","","","","","7990","7990","7990","5381.24990234375","5381.24990234375","5381.24990234375","","","","","","","","","","","","","","","","","",""
"3.68","","","","","","","12051","12051","12051","4482.380639648438","4482.380639648438","4482.380639648438","24103","24103","24103","3005.008349609375","3005.008349609375","3005.008349609375","24103","24103","24103","6229.71669921875","6229.71669921875","6229.71669921875","","","","","","","12051","12051","12051","2585.5625","2585.5625","2585.5625","24103","24103","24103","2397.55","2397.55","2397.55","24103","24103","24103","1936.45","1936.45","1936.45"
"3.7","","","","","","","","","","","","","24234","24234","24234","3090.008349609375","3090.008349609375","3090.008349609375","24234","24234","24234","5913.083349609375","5913.083349609375","5913.083349609375","","","","","","","","","","","","","24234","24234","24234","2828.35","2828.35","2828.35","24234","24234","24234","1636.825","1636.825","1636.825"
"3.7199999999999998","","","","","","","12182","12182","12182","4694.267138671875","4694.267138671875","4694.267138671875","24365","24365","24365","2940.225","2940.225","2940.225","24365","24365","24365","5731.0333984375","5731.0333984375","5731.0333984375","","","","","","","12182","12182","12182","3207.175","3207.175","3207.175","24365","24365","24365","2439.15","2439.15","2439.15","24365","24365","24365","1860.225","1860.225","1860.225"
"3.730538922155689","8121","8121","8121","6651.396215820312","6651.396215820312","6651.396215820312","","","","","","","","","","","","","","","","","","","8121","8121","8121","5092.3916015625","5092.3916015625","5092.3916015625","","","","","","","","","","","","","","","","","",""
"3.74","","","","","","","","","","","","","24496","24496","24496","3420.5","3420.5","3420.5","24496","24496","24496","5894.225","5894.225","5894.225","","","","","","","","","","","","","24496","24496","24496","2483.375","2483.375","2483.375","24496","24496","24496","1797.325","1797.325","1797.325"
"3.76","","","","","","","12313","12313","12313","3978.308935546875","3978.308935546875","3978.308935546875","24627","24627","24627","3381.75","3381.75","3381.75","24627","24627","24627","6074.125048828125","6074.125048828125","6074.125048828125","","","","","","","12313","12313","12313","2915.9375","2915.9375","2915.9375","24627","24627","24627","2165.7","2165.7","2165.7","24627","24627","24627","2005.6","2005.6","2005.6"
"3.7800000000000002","","","","","","","","","","","","","24758","24758","24758","2871.05","2871.05","2871.05","24758","24758","24758","6103.041748046875","6103.041748046875","6103.041748046875","","","","","","","","","","","","","24758","24758","24758","3083.15","3083.15","3083.15","24758","24758","24758","2273.85","2273.85","2273.85"
"3.7904191616766467","8252","8252","8252","6693.84736328125","6693.84736328125","6693.84736328125","","","","","","","","","","","","","","","","","","","8252","8252","8252","4974.153344726563","4974.153344726563","4974.153344726563","","","","","","","","","","","","","","","","","",""
"3.8","","","","","","","12444","12444","12444","5144.885400390625","5144.885400390625","5144.885400390625","24889","24889","24889","2990.275","2990.275","2990.275","24889","24889","24889","6144.4","6144.4","6144.4","","","","","","","12444","12444","12444","3111.5375","3111.5375","3111.5375","24889","24889","24889","2600.975","2600.975","2600.975","24889","24889","24889","2238.15","2238.15","2238.15"
"3.82","","","","","","","","","","","","","25020","25020","25020","2969.2","2969.2","2969.2","25020","25020","25020","6384.29169921875","6384.29169921875","6384.29169921875","","","","","","","","","","","","","25020","25020","25020","2527.2","2527.2","2527.2","25020","25020","25020","1493.4","1493.4","1493.4"
"3.84","","","","","","","12575","12575","12575","5171.12900390625","5171.12900390625","5171.12900390625","25151","25151","25151","2956.1416748046877","2956.1416748046877","2956.1416748046877","25151","25151","25151","6054.05","6054.05","6054.05","","","","","","","12575","12575","12575","3336.8125","3336.8125","3336.8125","25151","25151","25151","2771.5","2771.5","2771.5","25151","25151","25151","2041.75","2041.75","2041.75"
"3.8502994011976046","8383","8383","8383","7055.49423828125","7055.49423828125","7055.49423828125","","","","","","","","","","","","","","","","","","","8383","8383","8383","5319.81455078125","5319.81455078125","5319.81455078125","","","","","","","","","","","","","","","","","",""
"3.86","","","","","","","","","","","","","25282","25282","25282","3131.925","3131.925","3131.925","25282","25282","25282","6232.683349609375","6232.683349609375","6232.683349609375","","","","","","","","","","","","","25282","25282","25282","2148.45","2148.45","2148.45","25282","25282","25282","1724.775","1724.775","1724.775"
"3.88","","","","","","","12706","12706","12706","4797.39111328125","4797.39111328125","4797.39111328125","25413","25413","25413","2952.85","2952.85","2952.85","25413","25413","25413","6004.675","6004.675","6004.675","","","","","","","12706","12706","12706","2959.725","2959.725","2959.725","25413","25413","25413","2576.45","2576.45","2576.45","25413","25413","25413","2049","2049","2049"
"3.9","","","","","","","","","","","","","25544","25544","25544","3130.7666748046877","3130.7666748046877","3130.7666748046877","25544","25544","25544","6352.950048828125","6352.950048828125","6352.950048828125","","","","","","","","","","","","","25544","25544","25544","2825","2825","2825","25544","25544","25544","2367.1666748046873","2367.1666748046873","2367.1666748046873"
"3.910179640718563","8514","8514","8514","7488.338232421875","7488.338232421875","7488.338232421875","","","","","","","","","","","","","","","","","","","8514","8514","8514","5318.03125","5318.03125","5318.03125","","","","","","","","","","","","","","","","","",""
"3.92","","","","","","","12837","12837","12837","5255.466748046875","5255.466748046875","5255.466748046875","25675","25675","25675","2939.1","2939.1","2939.1","25675","25675","25675","5839.45","5839.45","5839.45","","","","","","","12837","12837","12837","2966.1","2966.1","2966.1","25675","25675","25675","2237.05","2237.05","2237.05","25675","25675","25675","1327","1327","1327"
"3.94","","","","","","","","","","","","","25806","25806","25806","3033.65","3033.65","3033.65","25806","25806","25806","6147.71669921875","6147.71669921875","6147.71669921875","","","","","","","","","","","","","25806","25806","25806","2633","2633","2633","25806","25806","25806","2224.9","2224.9","2224.9"
"3.96","","","","","","","12968","12968","12968","5187.568310546875","5187.568310546875","5187.568310546875","25937","25937","25937","3132.325","3132.325","3132.325","25937","25937","25937","6655.583349609375","6655.583349609375","6655.583349609375","","","","","","","12968","12968","12968","2898.5","2898.5","2898.5","25937","25937","25937","2606.475","2606.475","2606.475","25937","25937","25937","1780.775","1780.775","1780.775"
"3.970059880239521","8645","8645","8645","7189.30390625","7189.30390625","7189.30390625","","","","","","","","","","","","","","","","","","","8645","8645","8645","5715.97373046875","5715.97373046875","5715.97373046875","","","","","","","","","","","","","","","","","",""
"3.98","","","","","","","","","","","","","26068","26068","26068","2706.233349609375","2706.233349609375","2706.233349609375","26068","26068","26068","5814.425","5814.425","5814.425","","","","","","","","","","","","","26068","26068","26068","3038.7","3038.7","3038.7","26068","26068","26068","2459.45","2459.45","2459.45"
"3.9940119760479043","8698","8698","8698","6702.8802490234375","6702.8802490234375","6702.8802490234375","","","","","","","","","","","","","","","","","","","8698","8698","8698","4770.433837890625","4770.433837890625","4770.433837890625","","","","","","","","","","","","","","","","","",""
"4","","","","","","","13099","13099","13099","4409.49228515625","4409.49228515625","4409.49228515625","26199","26199","26199","3073.8166748046874","3073.8166748046874","3073.8166748046874","26199","26199","26199","6127.5083984375","6127.5083984375","6127.5083984375","","","","","","","13099","13099","13099","3289.2625","3289.2625","3289.2625","26199","26199","26199","2679.95","2679.95","2679.95","26199","26199","26199","2067.675","2067.675","2067.675"